Topic,Count,Name,Representation,Representative_Docs,label_manual
-1,40,-1_mantab_uk_belakang_sih,"['mantab', 'uk', 'belakang', 'sih', 'sekali', '2in', 'oktavian', 'murah', 'idolaaa', 'atuh']","['aku di paling belakang dong', 'mantab sekali', 'mantab sekali']",Mantab Uk Belakang
0,890,0_tidak_ada_jurusan_apa,"['tidak', 'ada', 'jurusan', 'apa', 'kalau', 'kuliah', 'di', 'kak', 's1', 'kerja']","['kalau dari ut semester 6 ke unsia bisa kak', 'ada jurusan apa saja ya', 'di unsia ada jurusan apa saja sih kak']",Tidak Ada Jurusan
1,841,1_berapa_buka_kapan_kak,"['berapa', 'buka', 'kapan', 'kak', 'pendaftaran', 'nya', 'tidak', 'daftar', 'ya', 'bagaimana']","['min buka pendaftaran kapan lagi ya', 'kak ini kapan ada buka pendaftaran lagi ya', 'mau daftar kuliah kak kapan di buka nya']",Berapa Buka Kapan
2,468,2_iya_kak_dong_aku,"['iya', 'kak', 'dong', 'aku', 'ada', 'bisa', 'sama', 'banget', 'juga', 'kakak']","['iya kak', 'iya kak', 'iya bisa kak']",Iya Kak Dong
3,393,3_menyimak_nrrjml_binus_swasta,"['menyimak', 'nrrjml', 'binus', 'swasta', 'next', 'aku', 'up', 'gass', 'ut', 'hbd']","['ut menyimak wkwk', 'ut menyimak', 'ut menyimak saja']",Menyimak Nrrjml Binus
4,256,4_online_offline_full_wisuda,"['online', 'offline', 'full', 'wisuda', 'juga', 'ujian', 'atau', 'ujiannya', 'kalau', 'uas']","['wisuda bisa online offline', 'wisuda nya online atau offline kak', 'di unsia full online kak dari ujian sampai wisuda juga bisa online kak']",Online Offline Full
5,240,5_ada_s2_rpl_tidak,"['ada', 's2', 'rpl', 'tidak', 'apakah', 'jurusan', 'skripsi', 'hukum', 'min', 'nya']","['s2 ada tidak', 'ada s2 tidak', 's2 ada tidak']",Ada S2 Rpl
6,224,6_dibuka_saat_mahasiswa_pendaftaran,"['dibuka', 'saat', 'mahasiswa', 'pendaftaran', 'hi', 'baru', 'ini', 'membuka', 'program', 'kakak']","['hi kak saat ini masih dibuka lho pendaftaran mahasiswa baru', 'hi kakak saat ini masih dibuka ya pendaftaran mahasiswa baru', 'hi kak saat ini masih dibuka ya pendaftaran mahasiswa baru di unsia']",Dibuka Saat Mahasiswa
7,192,7_daftar_aku_sudah_mau,"['daftar', 'aku', 'sudah', 'mau', 'kak', 'grup', 'ig', 'yuk', 'buat', 'juga']","['aku baru mau daftar kak', 'ini aku juga mau daftar kak', 'aku sudah daftar']",Daftar Aku Sudah
8,173,8_dm_admin_halo_hi,"['dm', 'admin', 'halo', 'hi', 'ya', 'boleh', 'bisa', 'kak', 'kakak', 'lebih']","['halo kak bisa dm admin ya', 'halo kakak bisa dm admin ya', 'halo kakak bisa dm admin ya']",Dm Admin Halo
9,170,9_id_ac_pmb_dan,"['id', 'ac', 'pmb', 'dan', 'unsia', 'fleksibel', 'saja', 'langsung', 'kakak', 'website']","['hi kakak bisa langsung daftar sekarang di pmb unsia ac id pilih jurusan favorit dan mulai kuliah online fleksibel dari mana saja', 'hi kakak bisa langsung daftar sekarang di pmb unsia ac id pilih jurusan favorit dan mulai kuliah online fleksibel dari mana saja', 'hi kak kakak bisa langsung daftar sekarang di pmb unsia ac id pilih jurusan favorit dan mulai kuliah online fleksibel dari mana saja']",Id Ac Pmb
10,128,10_selalu_amin_semoga_sukses,"['selalu', 'amin', 'semoga', 'sukses', 'semangat', 'unsia', 'terus', 'sehat', 'kasih', 'terima']","['amin terima kasih kak semangat selalu untuk kakak', 'amin semangat selalu kakak', 'amin sukses selalu untuk kakak ya']",Selalu Amin Semoga
11,121,11_terima_kasih_salam_infonya,"['terima', 'kasih', 'salam', 'infonya', 'ditunggu', 'bu', 'mantap', 'wah', 'tunggu', 'kenal']","['terima kasih kak', 'terima kasih infonya kak', 'terima kasih ya kakak infonya']",Terima Kasih Salam
12,91,12_umur_yang_semangat_batasan,"['umur', 'yang', 'semangat', 'batasan', 'muda', 'tugas', 'usianya', 'belajar', 'sudah', 'berpengalaman']","['tidak ada batasan umur kok kakak di unsia yang penting semangat belajarnya bukan usianya karena belajar itu tidak kenal umur yang muda semangat yang sudah berpengalaman juga makin keren', 'tidak ada batasan umur kok kakak di unsia yang penting semangat belajarnya bukan usianya karena belajar itu tidak kenal umur yang muda semangat yang sudah berpengalaman juga makin keren', 'tidak ada batasan umur kok kakak di unsia yang penting semangat belajarnya bukan usianya karena belajar itu tidak kenal umur yang muda semangat yang sudah berpengalaman juga makin keren']",Umur Yang Semangat
13,90,13_info_bagaimana_cara_daftarnya,"['info', 'bagaimana', 'cara', 'daftarnya', 'caranya', 'link', 'min', 'nya', 'kuliahnya', 'kak']","['cara daftarnya bagaimana', 'info cara daftarnya kak', 'info cara daftarnya min']",Info Bagaimana Cara
14,88,14_dicicil_3jt_biaya_hanya,"['dicicil', '3jt', 'biaya', 'hanya', 'ukt', 'persemester', 'juta', '3x', 'semester', 'per']","['sesuai dengan suka rektor no 3 tahun 2020 biaya kuliah di unsia adalah sebesar 3 juta rupiah semester biaya tersebut dapat dicicil dalam 3x pembayaran', 'hi kak untuk ukt hanya 3jt lho persemester', 'hi kak untuk ukt di unsia hanya 3jt lho persemester']",Dicicil 3Jt Biaya
15,82,15_dimana_daerah_pjj_mana,"['dimana', 'daerah', 'pjj', 'mana', 'apa', 'lokasi', 'itu', 'kak', 'lokasinya', 'nih']","['kakak ini di daerah mana ya', 'daerah mana ini kak', 'daerah mana kak ini']",Dimana Daerah Pjj
16,67,16_100_tugas_skripsi_akhir,"['100', 'tugas', 'skripsi', 'akhir', 'learning', 'online', 'fully', 'hi', 'full', 'karena']","['halo kakak bisa banget dong karena unsia 100 full online learning', 'halo kakak bisa banget dong karena unsia 100 full online learning', 'hi hi kak bisa banget dong karena unsia 100 full online learning']",100 Tugas Skripsi
17,56,17_informasi_informatika_akuntansi_sistem,"['informasi', 'informatika', 'akuntansi', 'sistem', 'komunikasi', 'manajemen', 'memiliki', 'prodi', 'yaitu', 'teknologi']","['hi kakak saat ini unsia memiliki 6 prodi yaitu akuntansi komunikasi manajemen sistem informasi informatika dan teknologi informasi', 'halo kakak unsia memiliki 6 prodi yaitu komunikasi akuntansi manajemen sistem informasi informatika dan teknologi informasi', 'hi kakak saat ini di unsia memiliki 6 prodi yaitu akuntansi manajemen komunikasi teknologi informasi informatika dan sistem informasi']",Informasi Informatika Akuntansi
18,56,18_100_universitas_siber_asia,"['100', 'universitas', 'siber', 'asia', 'online', 'unsia', 'fully', 'ac', 'id', 'pmb']","['universitas siber asia', 'unsia 100 full online kakak', 'kak unsia 100 full online']",100 Universitas Siber
19,54,19_jalur_konversi_melalui_jenjang,"['jalur', 'konversi', 'melalui', 'jenjang', 'alih', 'ahli', 'hi', 'bisa', 'halo', 'ya']","['halo kakak bisa ya melalui jalur konversi', 'halo kakak bisa ya melalui jalur konversi', 'halo kakak bisa ya melalui jalur konversi']",Jalur Konversi Melalui
20,50,20_betul_keren_banget_lucu,"['betul', 'keren', 'banget', 'lucu', 'congrats', 'dong', 'mukanya', 'asing', 'seru', 'kakak']","['betul banget kak', 'betul banget kak', 'betul banget kak']",Betul Keren Banget
21,36,21_nitip_nitipp_kabarin_mencari,"['nitip', 'nitipp', 'kabarin', 'mencari', 'nitippp', 'nitiip', 'monggo', 'pskolog', 'penasran', 'tahu']","['nitip', 'nitip', 'nitip']",Nitip Nitipp Kabarin
22,22,22_biayanya_berapa_biaya_dftr,"['biayanya', 'berapa', 'biaya', 'dftr', 'ribet', 'acaranya', 'membutuhkan', 'registrasi', 'tahu', 'prof']","['biayanya berapa', 'biayanya berapa', 'berapa biayanya']",Biayanya Berapa Biaya
23,21,23_jakarta_selatan_kota_ragunan,"['jakarta', 'selatan', 'kota', 'ragunan', 'kec', 'harsono', 'jl', 'rm', 'pas', 'terletak']","['halo kakak kampus unsia terletak di jl harsono rm no 1 rt 5 rw 7 ragunan kec pas minggu kota jakarta selatan daerah khusus ibukota jakarta', 'kampus unsia terletak di jl harsono rm no 1 rt 5 rw 7 ragunan kec pas minggu kota jakarta selatan daerah khusus ibukota jakarta', 'kampus unsia terletak di jl harsono rm no 1 rt 5 rw 7 ragunan kec pas minggu kota jakarta selatan daerah khusus ibukota jakarta']",Jakarta Selatan Kota
24,17,24_ilkom_ieu_balang_rene,"['ilkom', 'ieu', 'balang', 'rene', 'moyawror', 'kitu', 'kinaraaaa', 'maba', 'sendal', 'jare']","['ada ilkom kak aku alumni ilkom', 'halo aku maba ilkom', 'halo aku maba ilkom']",Ilkom Ieu Balang
25,17,25_semangat_wah_tetap_berpikir,"['semangat', 'wah', 'tetap', 'berpikir', 'semangatin', 'wronged', 'halimah', 'diwisuda', 'puasanya', 'flushed']","['semangat kak', 'semangat kak', 'semangat kak']",Semangat Wah Tetap
26,17,26_bismillah_depan_bismillahirrahmanirrahim_semuaa,"['bismillah', 'depan', 'bismillahirrahmanirrahim', 'semuaa', 'sticker', 'tahun', 'one', 'day', 'alhamdulillah', 'uhuyyy']","['bismillah', 'bismillah unsia tahun depan', 'bismillah tahun depan']",Bismillah Depan Bismillahirrahmanirrahim
27,13,27_pt_terakreditasi_ban_eahea,"['pt', 'terakreditasi', 'ban', 'eahea', 'baik', 'sekali', 'akreditasi', 'oleh', 'dengan', 'internasional']","['halo kak unsia sudah mendapatkan akreditasi nasional oleh ban pt dengan nilai baik sekali dan akreditasi internasional oleh eahea ya kak', 'halo kak saat ini unsia sudah terakreditasi ban pt yaitu baik sekali dan terakreditasi internasional dari eahea', 'halo kak saat ini unsia sudah terakreditasi ban pt yaitu baik sekali dan terakreditasi internasional dari eahea']",Pt Terakreditasi Ban
28,12,28_juta_3jt_serius_modal,"['juta', '3jt', 'serius', 'modal', '24jutaan', 'lembar', 'hah', 'double', 'degree', 'bertanya']","['3 juta kak', '2 juta kak', '3 juta kak']",Juta 3Jt Serius
